<?xml version="1.0"?>
<!DOCTYPE hibernate-mapping PUBLIC
"-//Hibernate/Hibernate Mapping DTD 3.0//EN"
"http://hibernate.sourceforge.net/hibernate-mapping-3.0.dtd">

<hibernate-mapping>
	<class name="manytomany.EmployeeDetails" table="hr.DelEmployee">

		<id name="employeeId" column="employeeId" />
		<property name="employeeName" column="empname" length="10" />
		<property name="employeeSalary" column="empsal"></property>
		
		<set name="employeeAddress" table="hr.DelEmpAdd" cascade="save-update">
		<key column="employeeId"/>
		<many-to-many column="addid" class="manytomany.AddressDetails"/>
		</set>
	</class>
	
	<class name="manytomany.AddressDetails" table="hr.EmpAddress">

		<id name="addressId" column="addid" />
		<property name="cityName" column="cityName" length="10" />
		<property name="stateName" column="stateName"></property>
	
	</class>
</hibernate-mapping>