<?xml version="1.0"?>
<!DOCTYPE hibernate-mapping PUBLIC
"-//Hibernate/Hibernate Mapping DTD 3.0//EN"
"http://hibernate.sourceforge.net/hibernate-mapping-3.0.dtd">

<hibernate-mapping>

	<class name="com.Employee" table="hr.EmployeeDetails" discriminator-value="NewJoinee">
	
		<id name="employeeId" type="int" column="Empid">
			<generator class="assigned"/>
		</id>
		<discriminator column="Type" type="string"></discriminator>
		<property name="employeeName" column="employeeName" />
	
		<subclass name="com.RegularEmployee" extends="Employee" discriminator-value="Regular">
			<property name="salary" column="salary"/>
			<property name="bonus" column="bonus"/>
		</subclass>
		
		<subclass name="com.ContractEmployee" extends="Employee" discriminator-value="Contract">
			<property name="contractDuration" column="salary"/>
			<property name="payPerDay" column="bonus"/>
		</subclass>
	</class>

</hibernate-mapping>