<?xml version="1.0"?>
<!DOCTYPE hibernate-mapping PUBLIC
"-//Hibernate/Hibernate Mapping DTD 3.0//EN"
"http://hibernate.sourceforge.net/hibernate-mapping-3.0.dtd">

<hibernate-mapping>

	<class name="com.Employee" table="hr.EmployeeDetails">

		<id name="employeeId" column="Empid" />
		<property name="employeeName" column="employeeName" />
	</class>
	<class name="com.RegularEmployee" table="hr.REgularEmployeeTPCS">
		<id name="employeeId" />
		<property name="employeeName" column="empName"/>
		<property name="salary" column="salary" />
		<property name="bonus" column="bonus" />
	</class>

	<class name="com.ContractEmployee" table="hr.ContractEmployeeTPCS">
		<id name="employeeId" />
		<property name="employeeName" column="empName"/>
		<property name="contractDuration" column="contractDuration" />
		<property name="payPerDay" column="payPerDay" />
	</class>


</hibernate-mapping>