<?xml version="1.0"?>
<!DOCTYPE hibernate-mapping PUBLIC
"-//Hibernate/Hibernate Mapping DTD 3.0//EN"
"http://hibernate.sourceforge.net/hibernate-mapping-3.0.dtd">

<hibernate-mapping>

	<class name="com.Employee" table="hr.EmployeeDetails">
	
		<id name="employeeId" type="int" column="Empid">
			<generator class="assigned"/>
		</id>
		<discriminator column="Type" type="string"></discriminator>
		<property name="employeeName" column="employeeName" />
	
		<joined-subclass name="com.RegularEmployee" extends="Employee" table="hr.REgularEmployee">
			<key column="employeeId"/>
			<property name="salary" column="salary"/>
			<property name="bonus" column="bonus"/>
		</joined-subclass>
		
		<joined-subclass name="com.ContractEmployee" extends="Employee" table="hr.ContractEmployee">
			<key column="employeeId"/>
			<property name="contractDuration" column="salary"/>
			<property name="payPerDay" column="bonus"/>
		</joined-subclass>
	</class>

</hibernate-mapping>